,timestamp,close,high,low,trade_count,open,volume,vwap
0,2022-01-03 05:00:00+00:00,182.01,182.88,177.71,772699,177.83,112486091,181.426035
1,2022-01-04 05:00:00+00:00,179.7,182.94,179.12,831898,182.64,106090378,180.522931
2,2022-01-05 05:00:00+00:00,174.92,180.17,174.64,848518,179.61,95142198,177.303173
3,2022-01-06 05:00:00+00:00,172.0,175.3,171.64,960344,172.7,103899632,173.013218
4,2022-01-07 05:00:00+00:00,172.17,174.14,171.03,715419,172.89,94554334,172.42386
5,2022-01-10 05:00:00+00:00,172.19,172.5,168.17,956342,169.08,117005143,170.416141
6,2022-01-11 05:00:00+00:00,175.08,175.18,170.82,649657,172.32,82100070,173.716365
7,2022-01-12 05:00:00+00:00,175.53,177.18,174.82,642760,176.12,79502421,175.820752
8,2022-01-13 05:00:00+00:00,172.19,176.62,171.79,692346,175.79,92057866,173.84549
9,2022-01-14 05:00:00+00:00,173.07,173.78,171.09,671723,171.34,87780214,172.408576
10,2022-01-18 05:00:00+00:00,169.8,172.54,169.405,780905,171.51,102183802,170.47907
11,2022-01-19 05:00:00+00:00,166.23,171.08,165.94,824027,170.0,101688620,168.188614
12,2022-01-20 05:00:00+00:00,164.51,169.68,164.18,795590,166.98,96630645,166.95013
13,2022-01-21 05:00:00+00:00,162.41,166.33,162.3,1076049,164.415,135494794,163.80471
14,2022-01-24 05:00:00+00:00,161.62,162.3,154.7,1632715,160.02,175317276,158.878514
15,2022-01-25 05:00:00+00:00,159.78,162.76,157.02,1008312,158.98,125389277,159.448219
16,2022-01-26 05:00:00+00:00,159.69,164.3894,157.82,1017760,163.5,116338085,161.325783
17,2022-01-27 05:00:00+00:00,159.22,163.84,158.28,1161009,162.45,127009128,161.233132
18,2022-01-28 05:00:00+00:00,170.33,170.35,162.8,1515438,165.71,189144340,167.426938
19,2022-01-31 05:00:00+00:00,174.78,175.0,169.51,933488,170.16,129780591,173.291919
20,2022-02-01 05:00:00+00:00,174.61,174.84,172.31,735253,174.01,93258667,173.765688
21,2022-02-02 05:00:00+00:00,175.84,175.88,173.33,676311,174.745,91306986,174.992988
22,2022-02-03 05:00:00+00:00,172.9,176.2399,172.12,724841,174.48,101382628,174.219507
23,2022-02-04 05:00:00+00:00,172.39,174.1,170.68,702279,171.68,88456689,172.314726
24,2022-02-07 05:00:00+00:00,171.66,173.9458,170.95,571413,172.86,83181695,172.394594
25,2022-02-08 05:00:00+00:00,174.83,175.35,171.43,634270,171.73,80979959,173.87015
26,2022-02-09 05:00:00+00:00,176.28,176.65,174.9,574000,176.05,78287149,175.867118
27,2022-02-10 05:00:00+00:00,172.12,175.48,171.55,761966,174.14,99694816,173.429712
28,2022-02-11 05:00:00+00:00,168.64,173.08,168.04,813527,172.33,106268657,170.105503
29,2022-02-14 05:00:00+00:00,168.88,169.58,166.56,757494,167.37,98885501,168.440931
30,2022-02-15 05:00:00+00:00,172.79,172.95,170.25,562857,170.97,71066887,171.750362
31,2022-02-16 05:00:00+00:00,172.55,173.34,170.05,543039,171.85,66147855,171.709159
32,2022-02-17 05:00:00+00:00,168.88,171.91,168.47,584120,171.03,78321659,170.051567
33,2022-02-18 05:00:00+00:00,167.3,170.5413,166.19,685816,169.82,92631965,167.836915
34,2022-02-22 05:00:00+00:00,164.32,166.69,162.15,897221,164.98,98811382,164.546116
35,2022-02-23 05:00:00+00:00,160.24,166.15,159.75,820316,165.54,98884474,162.003718
36,2022-02-24 05:00:00+00:00,162.51,162.85,152.0,1383832,152.58,155570846,158.231295
37,2022-02-25 05:00:00+00:00,164.85,165.12,160.8738,810830,163.84,97758401,163.8441
38,2022-02-28 05:00:00+00:00,165.12,165.42,162.43,791490,163.06,108908921,164.359978
39,2022-03-01 05:00:00+00:00,163.2,166.6,161.97,749658,164.695,90604732,164.09501
40,2022-03-02 05:00:00+00:00,166.56,167.36,162.95,668264,164.39,88692844,165.874038
41,2022-03-03 05:00:00+00:00,166.23,168.91,165.55,651766,168.47,82418843,166.885762
42,2022-03-04 05:00:00+00:00,163.17,165.55,162.1,742704,164.49,91169381,163.388073
43,2022-03-07 05:00:00+00:00,159.3,165.02,159.04,847060,163.36,107385155,161.228724
44,2022-03-08 05:00:00+00:00,157.44,162.88,155.8,1139156,158.82,140524583,158.695921
45,2022-03-09 05:00:00+00:00,162.95,163.41,159.41,733689,161.475,100505467,162.023601
46,2022-03-10 05:00:00+00:00,158.52,160.39,155.98,882864,160.2,114471979,158.079271
47,2022-03-11 05:00:00+00:00,154.73,159.28,154.5,877964,158.93,105127762,156.077568
48,2022-03-14 04:00:00+00:00,150.62,154.12,150.1,969361,151.45,118311989,151.605237
49,2022-03-15 04:00:00+00:00,155.09,155.57,150.38,719960,150.9,104410428,153.613036
50,2022-03-16 04:00:00+00:00,159.59,160.0,154.46,833070,157.05,112719986,157.813513
51,2022-03-17 04:00:00+00:00,160.62,161.0,157.63,629006,158.61,85152570,159.541565
52,2022-03-18 04:00:00+00:00,163.98,164.48,159.76,712906,160.51,159428842,162.652613
53,2022-03-21 04:00:00+00:00,165.38,166.35,163.015,721127,163.51,105787821,164.782739
54,2022-03-22 04:00:00+00:00,168.82,169.42,164.91,638945,165.51,89161727,168.261566
55,2022-03-23 04:00:00+00:00,170.21,172.64,167.65,784483,167.99,106073373,170.731656
56,2022-03-24 04:00:00+00:00,174.07,174.14,170.21,688104,171.06,97014668,172.379423
57,2022-03-25 04:00:00+00:00,174.72,175.28,172.75,662446,173.88,85692924,174.058724
58,2022-03-28 04:00:00+00:00,175.6,175.73,172.0,716110,172.17,97532618,174.405659
59,2022-03-29 04:00:00+00:00,178.96,179.01,176.34,775948,176.69,109295753,177.920254
60,2022-03-30 04:00:00+00:00,177.77,179.61,176.7,695867,178.55,100735340,178.099618
61,2022-03-31 04:00:00+00:00,174.61,178.03,174.4,716274,177.84,120024146,175.71811
62,2022-04-01 04:00:00+00:00,174.31,174.88,171.94,660449,174.03,85355694,173.481537
63,2022-04-04 04:00:00+00:00,178.44,178.49,174.44,630376,174.57,82875862,177.531492
64,2022-04-05 04:00:00+00:00,175.06,178.3,174.415,621543,177.5,79568643,175.933408
65,2022-04-06 04:00:00+00:00,171.83,173.63,170.13,769486,172.36,90320928,171.793593
66,2022-04-07 04:00:00+00:00,172.14,173.36,169.85,628353,171.16,78193123,171.799401
67,2022-04-08 04:00:00+00:00,170.09,171.78,169.2,613778,171.78,82763655,170.493951
68,2022-04-11 04:00:00+00:00,165.75,169.03,165.5,677211,168.71,73137070,166.717253
69,2022-04-12 04:00:00+00:00,167.66,169.87,166.64,678463,168.02,83662778,168.071923
70,2022-04-13 04:00:00+00:00,170.4,171.04,166.77,558074,167.39,76146104,169.71157
71,2022-04-14 04:00:00+00:00,165.29,171.27,165.04,596851,170.62,84603285,167.149934
72,2022-04-18 04:00:00+00:00,165.07,166.5984,163.57,576793,163.92,74493604,164.91867
73,2022-04-19 04:00:00+00:00,167.4,167.82,163.91,548308,165.02,75240221,166.611665
74,2022-04-20 04:00:00+00:00,167.23,168.88,166.1,595065,168.76,73954306,167.356179
75,2022-04-21 04:00:00+00:00,166.42,171.53,165.91,752019,168.91,93153701,168.665496
76,2022-04-22 04:00:00+00:00,161.79,167.8699,161.5,726743,166.46,93535037,164.025211
77,2022-04-25 04:00:00+00:00,162.88,163.17,158.46,925127,161.12,103208936,160.832761
78,2022-04-26 04:00:00+00:00,156.8,162.34,156.72,899968,162.25,103931474,158.497081
79,2022-04-27 04:00:00+00:00,156.57,159.79,155.38,777862,155.91,93914037,157.384199
80,2022-04-28 04:00:00+00:00,163.64,164.515,158.93,1126024,159.25,137705209,161.936261
81,2022-04-29 04:00:00+00:00,157.65,166.2,157.25,1028956,161.84,145654913,160.441682
82,2022-05-02 04:00:00+00:00,157.96,158.23,153.27,1154674,156.71,131337354,156.147238
83,2022-05-03 04:00:00+00:00,159.48,160.71,156.32,706628,158.15,93684416,158.825151
84,2022-05-04 04:00:00+00:00,166.02,166.48,159.26,873684,159.67,114719225,162.604376
85,2022-05-05 04:00:00+00:00,156.77,164.08,154.95,1164750,163.85,142675572,158.065137
86,2022-05-06 04:00:00+00:00,157.28,159.44,154.18,1021039,156.01,123877861,157.31888
87,2022-05-09 04:00:00+00:00,152.06,155.83,151.49,1103708,154.925,132603947,153.116291
88,2022-05-10 04:00:00+00:00,154.51,156.74,152.93,988259,155.52,124055409,154.823532
89,2022-05-11 04:00:00+00:00,146.5,155.45,145.81,1310801,153.5,151719835,149.297775
90,2022-05-12 04:00:00+00:00,142.56,146.2,138.8,1678459,142.77,192047663,142.092405
91,2022-05-13 04:00:00+00:00,147.11,148.105,143.11,917656,144.59,114797304,146.309022
92,2022-05-16 04:00:00+00:00,145.54,147.5199,144.18,699722,145.55,91824708,145.767539
93,2022-05-17 04:00:00+00:00,149.24,149.77,146.68,609265,148.86,79304491,148.44841
94,2022-05-18 04:00:00+00:00,140.82,147.3601,139.9,982291,146.85,121266806,142.545537
95,2022-05-19 04:00:00+00:00,137.35,141.66,136.6,1219749,139.88,142802096,138.625897
96,2022-05-20 04:00:00+00:00,137.59,140.7,132.61,1130085,139.09,147016057,136.497078
97,2022-05-23 04:00:00+00:00,143.11,143.26,137.65,851034,137.79,125077087,141.495018
98,2022-05-24 04:00:00+00:00,140.36,141.97,137.33,812518,140.805,109813351,139.466182
99,2022-05-25 04:00:00+00:00,140.52,141.785,138.34,688318,138.43,99358798,140.091373
100,2022-05-26 04:00:00+00:00,143.78,144.34,137.14,670655,137.39,99878236,142.461453
101,2022-05-27 04:00:00+00:00,149.64,149.68,145.26,682907,145.39,100950098,148.305357
102,2022-05-31 04:00:00+00:00,148.84,150.66,146.84,706655,149.07,121269886,149.065033
103,2022-06-01 04:00:00+00:00,148.71,151.74,147.68,629253,149.9,78943522,149.346163
104,2022-06-02 04:00:00+00:00,151.21,151.27,146.86,574554,147.83,78517901,149.637453
105,2022-06-03 04:00:00+00:00,145.38,147.97,144.46,758694,146.9,94319460,145.786501
106,2022-06-06 04:00:00+00:00,146.14,148.5689,144.9,605201,147.03,74857319,146.602516
107,2022-06-07 04:00:00+00:00,148.71,149.0,144.1,527362,144.345,73477251,147.607581
108,2022-06-08 04:00:00+00:00,147.96,149.8697,147.46,430177,148.58,58484475,148.568015
109,2022-06-09 04:00:00+00:00,142.64,147.95,142.53,558180,147.08,75612751,145.138585
110,2022-06-10 04:00:00+00:00,137.13,140.76,137.06,822114,140.28,101534275,138.099086
111,2022-06-13 04:00:00+00:00,131.88,135.2,131.44,1019934,132.87,135261516,133.018861
112,2022-06-14 04:00:00+00:00,132.76,133.89,131.48,674983,133.13,92179405,132.591017
113,2022-06-15 04:00:00+00:00,135.43,137.34,132.16,733277,134.29,101304819,134.69364
114,2022-06-16 04:00:00+00:00,130.06,132.39,129.04,909224,132.08,120184627,130.439721
115,2022-06-17 04:00:00+00:00,131.56,133.079,129.81,742332,130.065,168771047,131.375236
116,2022-06-21 04:00:00+00:00,135.87,137.06,133.32,604549,133.42,91630121,135.823653
117,2022-06-22 04:00:00+00:00,135.35,137.76,133.91,530528,134.79,80880070,135.805027
118,2022-06-23 04:00:00+00:00,138.27,138.59,135.63,554900,136.82,77932990,137.344816
119,2022-06-24 04:00:00+00:00,141.66,141.91,139.77,539341,139.9,110368722,140.977218
120,2022-06-27 04:00:00+00:00,141.66,143.49,140.965,516177,142.695,77728499,142.013896
121,2022-06-28 04:00:00+00:00,137.44,143.422,137.325,546242,142.13,76133876,139.181718
122,2022-06-29 04:00:00+00:00,139.23,140.67,136.67,572555,137.46,71179247,139.258562
123,2022-06-30 04:00:00+00:00,136.72,138.37,133.7737,710708,137.25,114697715,136.512279
124,2022-07-01 04:00:00+00:00,138.93,139.04,135.66,557437,136.04,77594243,137.584627
125,2022-07-05 04:00:00+00:00,141.56,141.61,136.93,601962,137.77,79904746,139.882049
126,2022-07-06 04:00:00+00:00,142.92,144.12,141.08,585626,141.355,78938366,142.571683
127,2022-07-07 04:00:00+00:00,146.35,146.55,143.28,539963,143.29,72731949,145.716973
128,2022-07-08 04:00:00+00:00,147.04,147.55,145.0,518941,145.265,68264699,146.651674
129,2022-07-11 04:00:00+00:00,144.87,146.64,143.78,496269,145.67,69704810,145.131711
130,2022-07-12 04:00:00+00:00,145.86,148.45,145.05,579533,145.76,84620032,146.716687
131,2022-07-13 04:00:00+00:00,145.49,146.45,142.1201,559359,142.99,77731553,145.200161
132,2022-07-14 04:00:00+00:00,148.47,148.95,143.25,614953,144.08,83018114,146.68506
133,2022-07-15 04:00:00+00:00,150.17,150.86,148.2,548571,149.78,86944893,149.582369
134,2022-07-18 04:00:00+00:00,147.07,151.57,146.7,620452,150.74,87239346,148.926132
135,2022-07-19 04:00:00+00:00,151.0,151.23,146.91,576472,147.92,93332247,149.870148
136,2022-07-20 04:00:00+00:00,153.04,153.72,150.37,523493,151.12,70872515,152.639969
137,2022-07-21 04:00:00+00:00,155.35,155.57,151.94,522806,154.5,70606217,154.426024
138,2022-07-22 04:00:00+00:00,154.09,156.28,153.41,526060,155.39,72318038,154.589058
139,2022-07-25 04:00:00+00:00,152.95,155.04,152.28,487394,154.01,57738116,153.284823
140,2022-07-26 04:00:00+00:00,151.6,153.085,150.8,472004,152.265,60764637,151.678861
141,2022-07-27 04:00:00+00:00,156.79,157.33,152.16,579183,152.58,89223566,155.395531
142,2022-07-28 04:00:00+00:00,157.35,157.64,154.41,738633,156.98,86806681,157.455468
143,2022-07-29 04:00:00+00:00,162.51,163.63,159.5,771584,161.24,114785404,162.264867
144,2022-08-01 04:00:00+00:00,161.51,163.59,160.89,594293,161.01,73670876,162.052548
145,2022-08-02 04:00:00+00:00,160.01,162.41,159.63,543551,160.1,63962594,160.648782
146,2022-08-03 04:00:00+00:00,166.13,166.59,160.75,682784,160.84,90300252,164.954917
147,2022-08-04 04:00:00+00:00,165.81,167.19,164.43,525014,166.005,59549979,165.611547
148,2022-08-05 04:00:00+00:00,165.35,165.85,163.0,489965,163.21,61905528,164.771478
149,2022-08-08 04:00:00+00:00,164.87,167.81,164.2,540019,166.37,63810659,165.852555
150,2022-08-09 04:00:00+00:00,164.92,165.82,163.25,480556,164.02,70056143,164.841046
151,2022-08-10 04:00:00+00:00,169.24,169.34,166.9,559791,167.68,77906820,168.425259
152,2022-08-11 04:00:00+00:00,168.49,170.99,168.19,507917,170.06,61943923,169.32967
153,2022-08-12 04:00:00+00:00,172.1,172.17,169.4,555307,169.82,75555239,171.165695
154,2022-08-15 04:00:00+00:00,173.19,173.39,171.345,501627,171.52,58741635,172.65325
155,2022-08-16 04:00:00+00:00,173.03,173.71,171.6618,515136,172.78,60575237,172.758231
156,2022-08-17 04:00:00+00:00,174.55,176.15,172.57,686579,172.77,84217231,174.311722
157,2022-08-18 04:00:00+00:00,174.15,174.9,173.12,545657,173.75,66756106,174.133304
158,2022-08-19 04:00:00+00:00,171.52,173.74,171.3101,570365,173.03,79638699,172.220258
159,2022-08-22 04:00:00+00:00,167.57,169.86,167.135,620803,169.69,76355924,168.226148
160,2022-08-23 04:00:00+00:00,167.23,168.71,166.65,494688,167.08,58090092,167.595006
161,2022-08-24 04:00:00+00:00,167.53,168.11,166.245,476972,167.32,58542963,167.326877
162,2022-08-25 04:00:00+00:00,170.03,170.14,168.35,465400,168.78,56573006,169.404095
163,2022-08-26 04:00:00+00:00,163.62,171.05,163.56,717946,170.57,90147274,165.733463
164,2022-08-29 04:00:00+00:00,161.38,162.9,159.82,640595,161.145,78255530,161.515075
165,2022-08-30 04:00:00+00:00,158.91,162.56,157.72,644674,162.13,82758508,159.292206
166,2022-08-31 04:00:00+00:00,157.22,160.58,157.14,606829,160.305,104165447,158.231459
167,2022-09-01 04:00:00+00:00,157.96,158.42,154.67,654669,156.64,79346064,156.605837
168,2022-09-02 04:00:00+00:00,155.81,160.362,154.965,644431,159.75,83452944,157.547326
169,2022-09-06 04:00:00+00:00,154.53,157.09,153.69,687438,156.47,78705759,154.995395
170,2022-09-07 04:00:00+00:00,155.96,156.67,153.61,696957,154.825,94015457,155.34156
171,2022-09-08 04:00:00+00:00,154.46,156.36,152.68,697267,154.64,91449721,154.399425
172,2022-09-09 04:00:00+00:00,157.37,157.82,154.75,531339,155.47,74228109,156.705343
173,2022-09-12 04:00:00+00:00,163.43,164.26,159.3,801514,159.59,112676884,162.51693
174,2022-09-13 04:00:00+00:00,153.84,160.54,153.37,1018113,159.9,135428401,155.970127
175,2022-09-14 04:00:00+00:00,155.31,157.1,153.6106,716068,154.785,95004894,155.260984
176,2022-09-15 04:00:00+00:00,152.37,155.24,151.38,741145,154.65,97514431,152.971372
177,2022-09-16 04:00:00+00:00,150.7,151.35,148.37,848159,151.21,218997344,150.388563
178,2022-09-19 04:00:00+00:00,154.48,154.56,149.1,671958,149.31,87533890,152.644283
179,2022-09-20 04:00:00+00:00,156.9,158.08,153.08,792173,153.4,113203270,156.154569
180,2022-09-21 04:00:00+00:00,153.72,158.74,153.6,785026,157.34,107498655,156.177322
181,2022-09-22 04:00:00+00:00,152.74,154.47,150.91,686881,152.38,92021722,152.576672
182,2022-09-23 04:00:00+00:00,150.43,151.47,148.56,764986,151.19,101813197,150.048471
183,2022-09-26 04:00:00+00:00,150.77,153.7701,149.64,747669,149.66,100616414,151.455989
184,2022-09-27 04:00:00+00:00,151.76,154.72,149.945,683779,152.74,91032702,152.114522
185,2022-09-28 04:00:00+00:00,149.84,150.6414,144.84,1142720,147.64,155823686,147.712842
186,2022-09-29 04:00:00+00:00,142.48,146.72,140.68,1067283,146.1,137415955,142.899605
187,2022-09-30 04:00:00+00:00,138.2,143.1,138.0,941473,141.28,141390692,140.146308
188,2022-10-03 04:00:00+00:00,142.45,143.07,137.685,838788,138.21,124534891,141.277718
189,2022-10-04 04:00:00+00:00,146.1,146.22,144.26,687507,145.03,96785630,145.53785
190,2022-10-05 04:00:00+00:00,146.4,147.38,143.01,605865,144.075,83933253,145.296388
191,2022-10-06 04:00:00+00:00,145.43,147.54,145.22,538674,145.81,72586982,146.039568
192,2022-10-07 04:00:00+00:00,140.09,143.1,139.445,664196,142.54,95901316,140.73248
193,2022-10-10 04:00:00+00:00,140.42,141.89,138.5729,620865,140.42,80719147,140.213099
194,2022-10-11 04:00:00+00:00,138.98,141.35,138.22,608886,139.9,82627051,139.507297
195,2022-10-12 04:00:00+00:00,138.34,140.36,138.16,553189,139.13,76229576,139.040251
196,2022-10-13 04:00:00+00:00,142.99,143.59,134.37,874141,134.99,121491577,139.922248
197,2022-10-14 04:00:00+00:00,138.38,144.52,138.19,686282,144.31,97254054,139.828437
198,2022-10-17 04:00:00+00:00,142.41,142.9,140.27,634586,141.065,94281241,141.980961
199,2022-10-18 04:00:00+00:00,143.75,146.7,140.61,785419,145.49,103909236,144.060847
200,2022-10-19 04:00:00+00:00,143.86,144.9492,141.5,511351,141.69,66281889,143.454052
201,2022-10-20 04:00:00+00:00,143.39,145.89,142.65,517762,143.02,70436249,144.134755
202,2022-10-21 04:00:00+00:00,147.27,147.8479,142.649,619853,142.87,97497286,145.502934
203,2022-10-24 04:00:00+00:00,149.45,150.23,146.0,653022,147.185,82543225,148.444708
204,2022-10-25 04:00:00+00:00,152.34,152.49,149.36,581424,150.09,82217447,151.502965
205,2022-10-26 04:00:00+00:00,149.35,151.99,148.04,694798,150.96,96231685,150.001469
206,2022-10-27 04:00:00+00:00,144.8,149.046,144.13,944056,148.07,116248070,145.297612
207,2022-10-28 04:00:00+00:00,155.74,157.5,147.82,1225718,148.2,174641131,154.609311
208,2022-10-31 04:00:00+00:00,153.34,154.24,151.92,726847,153.155,110376310,153.284705
209,2022-11-01 04:00:00+00:00,150.65,155.45,149.13,650597,155.08,85451780,150.997825
210,2022-11-02 04:00:00+00:00,145.03,152.17,145.0,788402,148.945,101743648,147.986421
211,2022-11-03 04:00:00+00:00,138.88,142.8,138.75,871803,142.06,105214797,140.059739
212,2022-11-04 04:00:00+00:00,138.38,142.67,134.38,1159117,142.09,149550241,137.440313
213,2022-11-07 05:00:00+00:00,138.92,139.145,135.671,715008,137.11,89935797,137.555579
214,2022-11-08 05:00:00+00:00,139.5,141.43,137.49,637314,140.41,97268373,139.5699
215,2022-11-09 05:00:00+00:00,134.87,138.55,134.5933,633364,138.5,84442456,135.881811
216,2022-11-10 05:00:00+00:00,146.87,146.87,139.5,875050,141.24,136303919,144.437593
217,2022-11-11 05:00:00+00:00,149.7,150.01,144.37,740560,145.82,103060509,148.296918
218,2022-11-14 05:00:00+00:00,148.28,150.28,147.43,576291,148.97,80885473,148.689583
219,2022-11-15 05:00:00+00:00,150.04,153.59,148.5613,703671,152.215,96306279,151.169578
220,2022-11-16 05:00:00+00:00,148.79,149.87,147.29,472251,149.13,71463063,148.675774
221,2022-11-17 05:00:00+00:00,150.72,151.48,146.15,563722,146.43,86649104,149.74874
222,2022-11-18 05:00:00+00:00,151.29,152.7,149.97,513080,152.305,84106843,151.236697
223,2022-11-21 05:00:00+00:00,148.01,150.37,147.715,504781,150.16,64466896,148.459784
224,2022-11-22 05:00:00+00:00,150.18,150.42,146.925,405189,148.13,58685320,149.297227
225,2022-11-23 05:00:00+00:00,151.07,151.83,149.34,444427,149.45,62774756,150.795588
226,2022-11-25 05:00:00+00:00,148.11,148.88,147.12,319573,148.305,38776713,148.16468
227,2022-11-28 05:00:00+00:00,144.22,146.64,143.38,614361,145.14,78281391,144.726027
228,2022-11-29 05:00:00+00:00,141.17,144.81,140.355,713286,144.29,89801206,142.010544
229,2022-11-30 05:00:00+00:00,148.03,148.72,140.55,707655,141.395,131183862,145.545224
230,2022-12-01 05:00:00+00:00,148.31,149.13,146.61,525991,148.21,78588359,148.124419
231,2022-12-02 05:00:00+00:00,147.81,148.0,145.65,463525,145.96,75015411,146.966508
232,2022-12-05 05:00:00+00:00,146.63,150.9199,145.77,586796,147.77,74981324,147.562927
233,2022-12-06 05:00:00+00:00,142.91,147.3,141.92,537311,147.075,72151911,143.724535
234,2022-12-07 05:00:00+00:00,140.94,143.37,140.0,565399,142.19,77308359,141.146463
235,2022-12-08 05:00:00+00:00,142.65,143.52,141.1,456124,142.36,68832111,142.527028
236,2022-12-09 05:00:00+00:00,142.16,145.57,140.9,529039,142.34,84840144,143.112163
237,2022-12-12 05:00:00+00:00,144.49,144.5,141.06,492716,142.7,78289096,143.146188
238,2022-12-13 05:00:00+00:00,145.47,149.9692,144.24,706528,149.5,102204603,146.540745
239,2022-12-14 05:00:00+00:00,143.21,146.655,141.16,597873,145.35,89974435,144.168254
240,2022-12-15 05:00:00+00:00,136.5,141.8,136.025,879350,141.11,110421981,137.542118
241,2022-12-16 05:00:00+00:00,134.51,137.65,133.73,818493,136.685,220048084,134.950656
242,2022-12-19 05:00:00+00:00,132.37,135.2,131.32,705822,135.11,87427188,132.475125
243,2022-12-20 05:00:00+00:00,132.3,133.25,129.89,640697,131.39,83636668,131.876276
244,2022-12-21 05:00:00+00:00,135.45,136.81,132.75,588686,132.98,95563192,135.316373
245,2022-12-22 05:00:00+00:00,132.23,134.56,130.3,643298,134.352,86659361,131.942448
246,2022-12-23 05:00:00+00:00,131.86,132.415,129.64,539021,130.92,67631560,131.184094
247,2022-12-27 05:00:00+00:00,130.03,131.41,128.72,608333,131.38,74304546,129.967146
248,2022-12-28 05:00:00+00:00,126.04,131.0275,125.87,762248,129.67,90551969,127.527464
249,2022-12-29 05:00:00+00:00,129.61,130.4814,127.73,598208,127.99,81821550,129.484435
250,2022-12-30 05:00:00+00:00,129.93,129.95,127.43,591156,128.41,85865255,128.911194
251,2023-01-03 05:00:00+00:00,125.07,130.9,124.17,1021067,130.28,124289279,125.700505
252,2023-01-04 05:00:00+00:00,126.36,128.6557,125.08,770045,126.89,95426133,126.63421
253,2023-01-05 05:00:00+00:00,125.02,127.77,124.76,665463,127.13,88344592,126.016407
254,2023-01-06 05:00:00+00:00,129.62,130.29,124.89,709888,126.01,96468673,128.305485
255,2023-01-09 05:00:00+00:00,130.15,133.41,129.89,645367,130.465,76653608,131.519543
256,2023-01-10 05:00:00+00:00,130.73,131.2636,128.12,554942,130.26,68415086,129.877902
257,2023-01-11 05:00:00+00:00,133.49,133.51,130.46,561280,131.25,77043246,132.411074
258,2023-01-12 05:00:00+00:00,133.41,134.26,131.44,635333,133.88,77698366,133.194587
259,2023-01-13 05:00:00+00:00,134.76,134.92,131.66,535781,132.03,63045132,133.747179
260,2023-01-17 05:00:00+00:00,135.94,137.29,134.13,595834,134.83,69852271,135.756749
261,2023-01-18 05:00:00+00:00,135.21,138.61,135.03,578306,136.815,76916867,136.237935
262,2023-01-19 05:00:00+00:00,135.27,136.25,133.77,491676,134.08,64511998,134.984472
263,2023-01-20 05:00:00+00:00,137.87,138.02,134.22,549630,135.28,95933363,136.489262
264,2023-01-23 05:00:00+00:00,141.11,143.315,137.9,719290,138.12,87527661,141.190792
265,2023-01-24 05:00:00+00:00,142.53,143.16,140.3,497094,140.305,70490398,142.063488
266,2023-01-25 05:00:00+00:00,141.86,142.43,138.81,536507,140.89,70336488,140.817399
267,2023-01-26 05:00:00+00:00,143.96,144.25,141.9,472137,143.17,59721341,143.394109
268,2023-01-27 05:00:00+00:00,145.93,147.23,143.08,558426,143.155,77521002,145.830152
269,2023-01-30 05:00:00+00:00,143.0,145.55,142.85,551112,144.955,69935435,143.597163
270,2023-01-31 05:00:00+00:00,144.29,144.34,142.28,468172,142.7,81087730,143.755714
271,2023-02-01 05:00:00+00:00,145.43,146.61,141.32,693377,143.97,84602426,143.990267
272,2023-02-02 05:00:00+00:00,150.82,151.18,148.17,996204,148.9,119288199,149.373451
273,2023-02-03 05:00:00+00:00,154.5,157.38,147.83,1138935,148.03,166049247,154.221573
274,2023-02-06 05:00:00+00:00,151.73,153.1,150.78,583521,152.575,75590203,152.075886
275,2023-02-07 05:00:00+00:00,154.65,155.23,150.64,661769,150.64,94067819,153.531869
276,2023-02-08 05:00:00+00:00,151.92,154.58,151.168,524143,153.88,72643990,152.326007
277,2023-02-09 05:00:00+00:00,150.87,154.33,150.42,471977,153.775,61868739,152.163558
278,2023-02-10 05:00:00+00:00,151.01,151.3401,149.22,442055,149.46,62500180,150.438934
279,2023-02-13 05:00:00+00:00,153.85,154.26,150.92,506670,150.952,70149328,153.284474
280,2023-02-14 05:00:00+00:00,153.2,153.77,150.86,528569,152.12,68556962,152.643545
281,2023-02-15 05:00:00+00:00,155.33,155.5,152.88,520577,153.11,70612239,154.498676
282,2023-02-16 05:00:00+00:00,153.71,156.33,153.3475,516189,153.51,74955617,154.619918
283,2023-02-17 05:00:00+00:00,152.55,153.0,150.85,467050,152.35,66293371,152.096709
284,2023-02-21 05:00:00+00:00,148.48,151.3,148.405,509345,150.2,68102432,149.257079
285,2023-02-22 05:00:00+00:00,148.91,149.95,147.16,429778,148.87,57571342,148.589063
286,2023-02-23 05:00:00+00:00,149.4,150.34,147.24,425163,150.09,53439807,148.898586
287,2023-02-24 05:00:00+00:00,146.71,147.19,145.7202,470884,147.11,62617932,146.425361
288,2023-02-27 05:00:00+00:00,147.92,149.17,147.45,418071,147.71,50247854,148.109991
289,2023-02-28 05:00:00+00:00,147.41,149.08,146.83,383781,147.05,61519861,147.724802
290,2023-03-01 05:00:00+00:00,145.31,147.2285,145.01,461615,146.83,62350999,145.81762
291,2023-03-02 05:00:00+00:00,145.91,146.71,143.9,413240,144.38,60242324,145.251885
292,2023-03-03 05:00:00+00:00,151.03,151.11,147.33,556613,148.045,79744478,150.1246
293,2023-03-06 05:00:00+00:00,153.83,156.3,153.46,691992,153.785,93957314,154.6304
294,2023-03-07 05:00:00+00:00,151.6,154.0299,151.13,496634,153.7,61332251,152.233794
295,2023-03-08 05:00:00+00:00,152.87,153.47,151.83,405205,152.81,51205963,152.710636
296,2023-03-09 05:00:00+00:00,150.59,154.535,150.225,480912,153.559,59821351,152.306157
297,2023-03-10 05:00:00+00:00,148.5,150.94,147.6096,609814,150.21,75469048,149.028272
298,2023-03-13 04:00:00+00:00,150.47,153.14,147.7,760662,147.805,90585023,151.117372
299,2023-03-14 04:00:00+00:00,152.59,153.4,150.1,565199,151.28,84532172,152.212271
300,2023-03-15 04:00:00+00:00,152.99,153.245,149.92,703118,151.19,85708822,151.892756
301,2023-03-16 04:00:00+00:00,155.85,156.46,151.64,676100,152.16,84454434,154.89179
302,2023-03-17 04:00:00+00:00,155.0,156.74,154.28,614285,156.08,131114857,155.377307
303,2023-03-20 04:00:00+00:00,157.4,157.82,154.15,628987,155.07,85439528,156.684943
304,2023-03-21 04:00:00+00:00,159.28,159.4,156.54,590984,157.32,87819428,158.47865
305,2023-03-22 04:00:00+00:00,157.83,162.14,157.81,656869,159.3,80427254,159.583697
306,2023-03-23 04:00:00+00:00,158.93,161.5501,157.68,614271,158.83,75089334,159.513088
307,2023-03-24 04:00:00+00:00,160.25,160.34,157.85,516245,158.86,65530530,159.32954
308,2023-03-27 04:00:00+00:00,158.28,160.77,157.87,518438,159.94,58214330,158.961929
309,2023-03-28 04:00:00+00:00,157.65,158.49,155.98,432449,157.97,50372968,157.039745
310,2023-03-29 04:00:00+00:00,160.77,161.05,159.35,472079,159.37,57532705,160.266913
311,2023-03-30 04:00:00+00:00,162.36,162.47,161.271,456156,161.53,53823579,162.04069
312,2023-03-31 04:00:00+00:00,164.9,165.0,161.91,572350,162.44,69191490,164.028962
313,2023-04-03 04:00:00+00:00,166.17,166.29,164.22,568688,164.27,62027954,165.400752
314,2023-04-04 04:00:00+00:00,165.63,166.84,165.11,456308,166.595,52036268,165.890435
315,2023-04-05 04:00:00+00:00,163.76,165.05,161.8,533623,164.74,56567368,163.523891
316,2023-04-06 04:00:00+00:00,164.66,164.9584,162.0,446214,162.43,50780869,164.069796
317,2023-04-10 04:00:00+00:00,162.03,162.03,160.08,563917,161.42,51829429,161.31535
318,2023-04-11 04:00:00+00:00,160.8,162.36,160.51,490482,162.35,51774289,161.116669
319,2023-04-12 04:00:00+00:00,160.1,162.06,159.78,514262,161.22,50706904,160.888117
320,2023-04-13 04:00:00+00:00,165.56,165.8,161.42,595712,161.63,76953623,164.462951
321,2023-04-14 04:00:00+00:00,165.21,166.32,163.82,488449,164.59,54918972,165.050657
322,2023-04-17 04:00:00+00:00,165.23,165.39,164.03,483390,165.09,45769525,164.839215
323,2023-04-18 04:00:00+00:00,166.47,167.41,165.65,494602,166.1,55909701,166.360811
324,2023-04-19 04:00:00+00:00,167.63,168.16,165.54,473868,165.8,48158687,167.268827
325,2023-04-20 04:00:00+00:00,166.65,167.87,165.56,493154,166.09,53020864,166.770702
326,2023-04-21 04:00:00+00:00,165.02,166.4521,164.49,519453,165.05,65307211,165.069356
327,2023-04-24 04:00:00+00:00,165.33,165.6,163.89,459502,165.0,45338131,164.962836
328,2023-04-25 04:00:00+00:00,163.77,166.305,163.73,501551,165.19,48714063,164.647653
329,2023-04-26 04:00:00+00:00,163.76,165.28,162.8,493407,163.055,50920364,163.884504
330,2023-04-27 04:00:00+00:00,168.41,168.56,165.19,575984,165.19,76052617,167.462742
331,2023-04-28 04:00:00+00:00,169.68,169.85,167.8801,526191,168.49,63093372,169.030913
332,2023-05-01 04:00:00+00:00,169.59,170.45,168.64,540748,169.28,56437122,169.651721
333,2023-05-02 04:00:00+00:00,168.54,170.35,167.54,509756,170.09,48897270,168.710345
334,2023-05-03 04:00:00+00:00,167.45,170.92,167.16,610055,169.5,70732642,168.90283
335,2023-05-04 04:00:00+00:00,165.79,167.04,164.31,832125,164.89,81791781,166.089013
336,2023-05-05 04:00:00+00:00,173.57,174.3,170.76,913563,170.975,114073502,173.29636
337,2023-05-08 04:00:00+00:00,173.5,173.85,172.11,563142,172.48,61353610,173.314888
338,2023-05-09 04:00:00+00:00,171.77,173.54,171.6,456211,173.05,50729673,172.276557
339,2023-05-10 04:00:00+00:00,173.555,174.03,171.9,511486,173.02,53724501,173.17374
340,2023-05-11 04:00:00+00:00,173.75,174.59,172.17,501957,173.85,50011672,173.493125
341,2023-05-12 04:00:00+00:00,172.57,174.06,171.0,489401,173.62,50612841,172.398877
342,2023-05-15 04:00:00+00:00,172.07,173.21,171.47,444787,173.16,41718475,172.106514
343,2023-05-16 04:00:00+00:00,172.07,173.1383,171.7991,436167,171.99,45676613,172.261054
344,2023-05-17 04:00:00+00:00,172.69,172.925,170.4201,554943,171.71,65903562,171.944073
345,2023-05-18 04:00:00+00:00,175.05,175.24,172.58,595693,173.0,66091664,174.290567
346,2023-05-19 04:00:00+00:00,175.16,176.39,174.94,531634,176.39,58044146,175.539309
347,2023-05-22 04:00:00+00:00,174.2,174.71,173.45,526394,173.98,44146775,174.182068
348,2023-05-23 04:00:00+00:00,171.56,173.3794,171.275,535094,173.13,56405720,172.144372
349,2023-05-24 04:00:00+00:00,171.84,172.4183,170.52,492277,171.09,45740665,171.491009
350,2023-05-25 04:00:00+00:00,172.99,173.895,171.69,534914,172.41,64475787,172.892714
351,2023-05-26 04:00:00+00:00,175.43,175.77,173.11,528297,173.32,62620662,175.167285
352,2023-05-30 04:00:00+00:00,177.3,178.99,176.57,651322,176.96,63293297,177.425218
353,2023-05-31 04:00:00+00:00,177.25,179.35,176.76,669221,177.325,99625288,177.937635
354,2023-06-01 04:00:00+00:00,180.09,180.12,176.9306,624136,177.7,76857581,179.437187
355,2023-06-02 04:00:00+00:00,180.95,181.78,179.26,712123,181.03,76294033,180.670104
356,2023-06-05 04:00:00+00:00,179.58,184.951,178.035,1286854,182.63,121969015,182.144332
357,2023-06-06 04:00:00+00:00,179.21,180.12,177.43,705233,179.965,64841762,178.709393
358,2023-06-07 04:00:00+00:00,177.82,181.21,177.32,669100,178.44,69732161,178.567717
359,2023-06-08 04:00:00+00:00,180.57,180.84,177.46,548697,177.895,50221611,179.549341
360,2023-06-09 04:00:00+00:00,180.96,182.23,180.63,557832,181.5,48890039,181.43941
361,2023-06-12 04:00:00+00:00,183.79,183.89,180.97,562764,181.27,54796150,182.836073
362,2023-06-13 04:00:00+00:00,183.31,184.15,182.44,608362,182.8,54967369,183.170279
363,2023-06-14 04:00:00+00:00,183.95,184.39,182.02,614191,183.37,57451443,183.71026
364,2023-06-15 04:00:00+00:00,186.01,186.52,183.78,697108,183.96,65417713,185.567239
365,2023-06-16 04:00:00+00:00,184.92,186.99,184.27,616230,186.73,101239104,185.464885
366,2023-06-20 04:00:00+00:00,185.01,186.1,184.41,577559,184.41,49801726,185.270852
367,2023-06-21 04:00:00+00:00,183.96,185.41,182.5901,520855,184.9,49505417,184.080843
368,2023-06-22 04:00:00+00:00,187.0,187.045,183.67,563157,183.74,51248267,186.116652
369,2023-06-23 04:00:00+00:00,186.68,187.56,185.01,539709,185.55,53194896,186.495531
370,2023-06-26 04:00:00+00:00,185.27,188.05,185.23,584779,186.83,48099269,186.328974
371,2023-06-27 04:00:00+00:00,188.06,188.39,185.67,512183,185.89,50745529,187.499911
372,2023-06-28 04:00:00+00:00,189.25,189.9,187.6,559611,187.93,51225939,188.891708
373,2023-06-29 04:00:00+00:00,189.59,190.07,188.94,525368,189.08,46347309,189.556085
374,2023-06-30 04:00:00+00:00,193.97,194.48,191.26,760823,191.63,83782058,193.096165
375,2023-07-03 04:00:00+00:00,192.46,193.88,191.76,498718,193.78,31357392,192.662635
376,2023-07-05 04:00:00+00:00,191.33,192.98,190.62,560240,191.565,46921907,191.580637
377,2023-07-06 04:00:00+00:00,191.81,192.02,189.2,562929,189.84,45172292,190.821551
378,2023-07-07 04:00:00+00:00,190.68,192.67,190.24,538828,191.41,46814999,191.421644
379,2023-07-10 04:00:00+00:00,188.61,189.99,187.035,736976,189.26,59925144,188.362955
380,2023-07-11 04:00:00+00:00,188.08,189.3,186.6,577864,189.16,46646096,187.821976
381,2023-07-12 04:00:00+00:00,189.77,191.7,188.47,652270,189.68,60757160,189.958638
382,2023-07-13 04:00:00+00:00,190.54,191.19,189.78,468081,190.5,41348909,190.56496
383,2023-07-14 04:00:00+00:00,190.69,191.1799,189.63,513236,190.23,41622330,190.46626
384,2023-07-17 04:00:00+00:00,193.99,194.32,191.81,603051,191.9,50546738,193.300029
385,2023-07-18 04:00:00+00:00,193.73,194.33,192.415,544724,193.35,48357948,193.381362
386,2023-07-19 04:00:00+00:00,195.1,198.23,192.65,777402,193.1,80534721,194.91844
387,2023-07-20 04:00:00+00:00,193.13,196.47,192.495,640137,195.09,59597695,194.275632
388,2023-07-21 04:00:00+00:00,191.94,194.97,191.23,580363,194.1,71957084,192.602823
389,2023-07-24 04:00:00+00:00,192.75,194.91,192.25,526175,193.41,45538581,193.201198
390,2023-07-25 04:00:00+00:00,193.62,194.44,192.915,445740,193.33,37339808,193.80362
391,2023-07-26 04:00:00+00:00,194.5,195.64,193.32,502596,193.67,47506279,194.373971
392,2023-07-27 04:00:00+00:00,193.22,197.2,192.55,570678,196.02,47465977,194.877906
393,2023-07-28 04:00:00+00:00,195.83,196.626,194.14,519154,194.67,48291445,195.804385
394,2023-07-31 04:00:00+00:00,196.45,196.49,195.26,530646,196.06,45241255,196.19316
395,2023-08-01 04:00:00+00:00,195.605,196.73,195.28,478272,196.235,35306213,195.847979
396,2023-08-02 04:00:00+00:00,192.58,195.18,191.8507,620854,195.04,50408072,192.939419
397,2023-08-03 04:00:00+00:00,191.17,192.37,190.69,756802,191.57,62366562,191.122578
398,2023-08-04 04:00:00+00:00,181.99,187.38,181.92,1336767,185.52,115956843,184.278961
399,2023-08-07 04:00:00+00:00,178.85,183.13,177.35,1159593,182.13,97586944,179.014103
400,2023-08-08 04:00:00+00:00,179.8,180.27,177.58,709234,179.69,67832886,178.985299
401,2023-08-09 04:00:00+00:00,178.19,180.93,177.01,666321,180.87,60386755,178.488691
402,2023-08-10 04:00:00+00:00,177.97,180.75,177.6,653105,179.48,54695861,178.795016
403,2023-08-11 04:00:00+00:00,177.79,178.62,176.55,586486,177.32,52036674,177.80146
404,2023-08-14 04:00:00+00:00,179.46,179.69,177.305,565211,177.97,43690884,178.947752
405,2023-08-15 04:00:00+00:00,177.45,179.48,177.05,510238,178.88,43635379,177.988829
406,2023-08-16 04:00:00+00:00,176.57,178.54,176.5,526310,177.13,46979752,177.436141
407,2023-08-17 04:00:00+00:00,174.0,177.5054,173.48,673488,177.14,66700735,174.609916
408,2023-08-18 04:00:00+00:00,174.49,175.1,171.96,596487,172.3,61173170,173.884441
409,2023-08-21 04:00:00+00:00,175.84,176.13,173.735,559827,175.07,46323343,175.222968
410,2023-08-22 04:00:00+00:00,177.23,177.68,176.25,501637,177.06,42091932,177.009942
411,2023-08-23 04:00:00+00:00,181.12,181.55,178.325,587652,178.52,52756878,180.648664
412,2023-08-24 04:00:00+00:00,176.38,181.104,176.01,610587,180.674,54953439,177.70368
413,2023-08-25 04:00:00+00:00,178.61,179.15,175.82,554792,177.38,51449596,177.90754
414,2023-08-28 04:00:00+00:00,180.19,180.59,178.545,532552,180.09,43823300,179.659238
415,2023-08-29 04:00:00+00:00,184.12,184.9,179.5,576648,179.695,53016040,183.280463
416,2023-08-30 04:00:00+00:00,187.65,187.85,184.74,636605,184.94,60824230,186.930147
417,2023-08-31 04:00:00+00:00,187.87,189.12,187.48,555057,187.84,60814675,188.148802
418,2023-09-01 04:00:00+00:00,189.46,189.92,188.28,530277,189.485,45766507,189.039128
419,2023-09-05 04:00:00+00:00,189.7,189.98,187.61,602564,188.28,45285046,189.10848
420,2023-09-06 04:00:00+00:00,182.91,188.85,181.47,880369,188.4,81765466,183.785889
421,2023-09-07 04:00:00+00:00,177.56,178.21,173.54,1210446,175.18,112503695,176.733646
422,2023-09-08 04:00:00+00:00,178.18,180.239,177.79,755391,178.35,65602067,179.067272
423,2023-09-11 04:00:00+00:00,179.36,180.3,177.34,722658,180.07,58964184,178.846616
424,2023-09-12 04:00:00+00:00,176.3,180.13,174.82,937680,179.49,90383654,176.705054
425,2023-09-13 04:00:00+00:00,174.21,177.3,173.98,835414,176.51,84277767,175.035093
426,2023-09-14 04:00:00+00:00,175.74,176.1,173.58,641142,174.0,60898149,175.370606
427,2023-09-15 04:00:00+00:00,175.01,176.495,173.82,729795,176.48,109259462,175.084343
428,2023-09-18 04:00:00+00:00,177.97,179.38,176.17,731499,176.48,67272034,177.891568
429,2023-09-19 04:00:00+00:00,179.07,179.63,177.13,524532,177.52,51831661,178.429407
430,2023-09-20 04:00:00+00:00,175.49,179.695,175.4,600755,179.26,58452947,176.964827
431,2023-09-21 04:00:00+00:00,173.93,176.3,173.86,631737,174.55,63160835,174.864474
432,2023-09-22 04:00:00+00:00,174.79,177.079,174.05,606172,174.67,56725387,175.466863
433,2023-09-25 04:00:00+00:00,176.08,176.97,174.15,564354,174.2,46178509,175.666507
434,2023-09-26 04:00:00+00:00,171.96,175.2,171.66,688566,174.82,64597559,172.715547
435,2023-09-27 04:00:00+00:00,170.43,173.04,169.05,708087,172.62,66940950,170.533471
436,2023-09-28 04:00:00+00:00,170.69,172.03,167.62,618749,169.34,56302471,170.297113
437,2023-09-29 04:00:00+00:00,171.21,173.07,170.341,535136,172.02,51886171,171.599686
438,2023-10-02 04:00:00+00:00,173.75,174.3,170.93,617354,171.22,52172333,173.288065
439,2023-10-03 04:00:00+00:00,172.4,173.63,170.82,543146,172.255,49637004,172.133505
440,2023-10-04 04:00:00+00:00,173.66,174.21,170.97,561075,171.09,53025614,172.943736
441,2023-10-05 04:00:00+00:00,174.91,175.45,172.68,509291,173.79,48532230,174.229768
442,2023-10-06 04:00:00+00:00,177.49,177.99,173.18,593946,173.8,57266677,176.33656
443,2023-10-09 04:00:00+00:00,178.99,179.05,175.8,518390,176.81,42400769,177.869456
444,2023-10-10 04:00:00+00:00,178.39,179.72,177.95,525007,178.1,43700093,178.690081
445,2023-10-11 04:00:00+00:00,179.8,179.85,177.6,503608,178.2,47555502,178.950393
446,2023-10-12 04:00:00+00:00,180.71,182.34,179.04,617072,180.07,56753369,180.948277
447,2023-10-13 04:00:00+00:00,178.85,181.93,178.14,531443,181.42,51456083,179.415424
448,2023-10-16 04:00:00+00:00,178.72,179.075,176.51,632661,176.75,52519230,178.147865
449,2023-10-17 04:00:00+00:00,177.15,178.42,174.8,592436,176.645,57553146,176.862245
450,2023-10-18 04:00:00+00:00,175.84,177.575,175.11,540428,175.58,54780899,176.349936
451,2023-10-19 04:00:00+00:00,175.46,177.84,175.19,560468,176.04,59312291,176.213972
452,2023-10-20 04:00:00+00:00,172.88,175.42,172.64,600322,175.31,64244029,173.745612
453,2023-10-23 04:00:00+00:00,173.0,174.01,169.93,639779,170.91,55986017,172.38296
454,2023-10-24 04:00:00+00:00,173.44,173.67,171.45,530643,173.05,43825971,172.733339
455,2023-10-25 04:00:00+00:00,171.1,173.06,170.65,611287,171.88,57219947,171.491193
456,2023-10-26 04:00:00+00:00,166.89,171.3775,165.67,815731,170.37,70660031,167.593955
457,2023-10-27 04:00:00+00:00,168.22,168.96,166.83,609514,166.91,58499131,167.907067
458,2023-10-30 04:00:00+00:00,170.29,171.17,168.87,628371,169.02,51135875,170.077414
459,2023-10-31 04:00:00+00:00,170.77,170.9,167.9,510050,169.35,44852482,169.925298
460,2023-11-01 04:00:00+00:00,173.97,174.23,170.12,633750,171.0,56951142,172.619294
461,2023-11-02 04:00:00+00:00,177.57,177.78,175.46,807105,175.52,77518015,176.668439
462,2023-11-03 04:00:00+00:00,176.65,176.82,173.35,858040,174.24,80129247,175.579119
463,2023-11-06 05:00:00+00:00,179.23,179.43,176.21,678194,176.38,63852730,178.558672
464,2023-11-07 05:00:00+00:00,181.82,182.44,178.97,653956,179.18,70539955,181.262756
465,2023-11-08 05:00:00+00:00,182.89,183.45,181.59,542542,182.35,49345307,182.656617
466,2023-11-09 05:00:00+00:00,182.41,184.12,181.81,545850,182.96,53780415,182.911582
467,2023-11-10 05:00:00+00:00,186.4,186.565,183.53,610940,183.97,66204156,185.410765
468,2023-11-13 05:00:00+00:00,184.8,186.03,184.21,530523,185.82,43631574,184.831737
469,2023-11-14 05:00:00+00:00,187.44,188.11,186.3,609334,187.7,60113030,187.203828
470,2023-11-15 05:00:00+00:00,188.01,189.5,187.78,564663,187.845,53818016,188.420726
471,2023-11-16 05:00:00+00:00,189.71,190.96,188.65,621003,189.57,54426521,189.710967
472,2023-11-17 05:00:00+00:00,189.69,190.38,188.57,510221,190.25,50941406,189.600646
473,2023-11-20 05:00:00+00:00,191.45,191.905,189.88,554091,189.89,46543084,191.298471
474,2023-11-21 05:00:00+00:00,190.64,191.52,189.74,450941,191.41,38142232,190.510023
475,2023-11-22 05:00:00+00:00,191.31,192.93,190.825,463588,191.49,39630374,191.722317
476,2023-11-24 05:00:00+00:00,189.97,190.9,189.25,335950,190.87,24048346,189.789828
477,2023-11-27 05:00:00+00:00,189.79,190.67,188.9,509035,189.92,40570385,189.796649
478,2023-11-28 05:00:00+00:00,190.4,191.08,189.4,458379,189.78,38422811,190.164893
479,2023-11-29 05:00:00+00:00,189.37,192.09,188.97,493157,190.9,43017537,189.997334
480,2023-11-30 05:00:00+00:00,189.95,190.32,188.19,486962,189.84,48804815,189.336587
481,2023-12-01 05:00:00+00:00,191.24,191.56,189.23,515541,190.33,45704824,190.861022
482,2023-12-04 05:00:00+00:00,189.43,190.05,187.4511,587629,189.98,43396215,188.916002
483,2023-12-05 05:00:00+00:00,193.42,194.4,190.18,700936,190.21,66654222,193.171615
484,2023-12-06 05:00:00+00:00,192.32,194.76,192.11,491536,194.45,41092772,192.801209
485,2023-12-07 05:00:00+00:00,194.27,195.0,193.59,495114,193.63,47485364,194.397014
486,2023-12-08 05:00:00+00:00,195.71,195.99,193.67,538451,194.2,53395144,195.163933
487,2023-12-11 05:00:00+00:00,193.18,193.49,191.42,691291,193.11,60952756,192.709004
488,2023-12-12 05:00:00+00:00,194.71,194.72,191.721,510922,193.08,52704312,193.783507
489,2023-12-13 05:00:00+00:00,197.96,198.0,194.85,672723,195.09,70422443,196.90882
490,2023-12-14 05:00:00+00:00,198.11,199.62,196.16,691952,198.02,66836850,198.287183
491,2023-12-15 05:00:00+00:00,197.57,198.3999,197.0,624249,197.53,128325832,197.561882
492,2023-12-18 05:00:00+00:00,195.89,196.63,194.39,655820,196.09,55755354,195.625504
493,2023-12-19 05:00:00+00:00,196.94,196.95,195.89,451795,196.16,40717190,196.527711
494,2023-12-20 05:00:00+00:00,194.83,197.68,194.83,550700,196.9,52247140,196.141927
495,2023-12-21 05:00:00+00:00,194.68,197.08,193.5,554963,196.1,46485784,194.742479
496,2023-12-22 05:00:00+00:00,193.6,195.41,192.97,499840,195.18,37128763,194.101562
497,2023-12-26 05:00:00+00:00,193.05,193.89,192.83,488340,193.61,28921648,193.171311
498,2023-12-27 05:00:00+00:00,193.15,193.5,191.09,548205,192.49,48092035,192.567912
499,2023-12-28 05:00:00+00:00,193.58,194.66,193.17,472490,194.14,34056639,193.922138
500,2023-12-29 05:00:00+00:00,192.53,194.4,191.725,508500,193.9,42643843,192.576356
501,2024-01-02 05:00:00+00:00,185.64,188.44,183.885,1009074,187.15,82496943,185.937347
502,2024-01-03 05:00:00+00:00,184.25,185.88,183.43,656956,184.22,58418916,184.322631
503,2024-01-04 05:00:00+00:00,181.91,183.0872,180.88,712850,182.15,71992243,182.01753
504,2024-01-05 05:00:00+00:00,181.18,182.76,180.17,681262,181.99,62339687,181.474375
505,2024-01-08 05:00:00+00:00,185.56,185.6,181.5,669304,182.085,59151720,184.370323
506,2024-01-09 05:00:00+00:00,185.14,185.15,182.73,538297,183.92,42848219,184.370711
507,2024-01-10 05:00:00+00:00,186.19,186.4,183.92,554884,184.35,46797681,185.240476
508,2024-01-11 05:00:00+00:00,185.59,187.05,183.62,584114,186.54,49133996,185.060494
509,2024-01-12 05:00:00+00:00,185.92,186.74,185.19,476464,186.06,40451838,185.820038
510,2024-01-16 05:00:00+00:00,183.63,184.26,180.934,767431,182.16,65612289,182.882573
511,2024-01-17 05:00:00+00:00,182.68,182.93,180.3,594725,181.27,47321545,181.920124
512,2024-01-18 05:00:00+00:00,188.63,189.14,185.83,787472,186.09,78031784,187.937675
513,2024-01-19 05:00:00+00:00,191.56,191.95,188.82,682664,189.33,68902985,190.615081
514,2024-01-22 05:00:00+00:00,193.89,195.33,192.26,718256,192.3,60139948,193.989116
515,2024-01-23 05:00:00+00:00,195.18,195.75,193.8299,533198,195.02,42360151,194.820338
516,2024-01-24 05:00:00+00:00,194.5,196.38,194.34,594907,195.42,53636461,195.206184
517,2024-01-25 05:00:00+00:00,194.17,196.2675,193.1125,644776,195.22,54834147,194.733502
518,2024-01-26 05:00:00+00:00,192.42,194.76,191.94,533460,194.27,44568656,193.121135
519,2024-01-29 05:00:00+00:00,191.73,192.2,189.58,599512,192.01,47145521,191.295377
520,2024-01-30 05:00:00+00:00,188.04,191.8,187.47,690706,190.94,55854611,188.79255
521,2024-01-31 05:00:00+00:00,184.4,187.095,184.35,679844,187.04,55467803,185.352492
522,2024-02-01 05:00:00+00:00,186.86,186.95,183.82,820977,183.985,64885408,185.568846
